{
  "content": [
    {
      "path": "manifest.json",
      "size": 304,
      "date": 132468848161238587
    },
    {
      "path": "Missions/marccreal/BushTrips/andalusia/ANDALUSIA.FLT",
      "size": 17566,
      "date": 132468857897920958
    },
    {
      "path": "Missions/marccreal/BushTrips/andalusia/andalusia.PLN",
      "size": 7453,
      "date": 132468137259192236
    },
    {
      "path": "Missions/marccreal/BushTrips/andalusia/andalusia.spb",
      "size": 21768,
      "date": 132468848161009523
    },
    {
      "path": "Missions/marccreal/BushTrips/andalusia/images/1_LEGG.png",
      "size": 3818858,
      "date": 132465731254682776
    },
    {
      "path": "Missions/marccreal/BushTrips/andalusia/images/2_LEFN.png",
      "size": 3773194,
      "date": 132467517660047098
    },
    {
      "path": "Missions/marccreal/BushTrips/andalusia/images/3_LETK.png",
      "size": 3905626,
      "date": 132468111644391629
    },
    {
      "path": "Missions/marccreal/BushTrips/andalusia/images/4_LEML.png",
      "size": 4114679,
      "date": 132468111876127587
    },
    {
      "path": "Missions/marccreal/BushTrips/andalusia/images/Activity_Widget.jpg",
      "size": 678693,
      "date": 132447253708831435
    },
    {
      "path": "Missions/marccreal/BushTrips/andalusia/images/LEFN_Guadix.png",
      "size": 4077445,
      "date": 132467503189415480
    },
    {
      "path": "Missions/marccreal/BushTrips/andalusia/images/LEGG_Aerodromo de Gergal.png",
      "size": 4370733,
      "date": 132465733272886171
    },
    {
      "path": "Missions/marccreal/BushTrips/andalusia/images/LEML_Aerodromo de Las Canadillas.png",
      "size": 4686243,
      "date": 132468079007400406
    },
    {
      "path": "Missions/marccreal/BushTrips/andalusia/images/LETK_Santiago-Pontones.png",
      "size": 4442393,
      "date": 132468000437222298
    },
    {
      "path": "Missions/marccreal/BushTrips/andalusia/images/Loading.jpg",
      "size": 1398253,
      "date": 132468809265792586
    },
    {
      "path": "Missions/marccreal/BushTrips/andalusia/images/Loading_old.jpg",
      "size": 1462144,
      "date": 132447617836275970
    }
  ]
}