{
  "content": [
    {
      "path": "manifest.json",
      "size": 304,
      "date": 132465768356379661
    },
    {
      "path": "Missions/marccreal/BushTrips/andalusia/ANDALUSIA.FLT",
      "size": 12654,
      "date": 132465773046295791
    },
    {
      "path": "Missions/marccreal/BushTrips/andalusia/andalusia.PLN",
      "size": 4343,
      "date": 132463172521748713
    },
    {
      "path": "Missions/marccreal/BushTrips/andalusia/andalusia.spb",
      "size": 11770,
      "date": 132465736563578819
    },
    {
      "path": "Missions/marccreal/BushTrips/andalusia/images/1_LEGG.png",
      "size": 3818858,
      "date": 132465731254682776
    },
    {
      "path": "Missions/marccreal/BushTrips/andalusia/images/Activity_Widget.jpg",
      "size": 678693,
      "date": 132447253708831435
    },
    {
      "path": "Missions/marccreal/BushTrips/andalusia/images/LEGG_Aerodromo de Gergal.png",
      "size": 4370733,
      "date": 132465733272886171
    },
    {
      "path": "Missions/marccreal/BushTrips/andalusia/images/Loading.jpg",
      "size": 1462144,
      "date": 132447617836275970
    }
  ]
}